rank_bin,system,gain_vs_base
1-4,BEFT,15.453686200378069
1-4,DPO,6.568998109640834
1-4,SFT,6.285444234404536
5-8,BEFT,27.707006369426747
5-8,DPO,7.643312101910826
5-8,SFT,8.59872611464968
9-12,BEFT,31.527093596059114
9-12,DPO,6.403940886699511
9-12,SFT,6.896551724137934
13-16,BEFT,25.663716814159294
13-16,DPO,7.9646017699115
13-16,SFT,7.079646017699115
17-20,BEFT,22.10526315789474
17-20,DPO,6.315789473684213
17-20,SFT,6.315789473684213
