{
  "score": 41.05,
  "unseen_question_score": 40.322500000000005,
  "unseen_entity_score": 42.067499999999995,
  "posterior_passage_hit_rate": 0.6953240664400919,
  "retrieval_hit_rate": 0.7570310734463277,
  "prior_passage_hit_rate": 0.5259745762711865,
  "correct_ignore_rate": 0.0,
  "prior_recall_at_k": {
    "1": 0.5259745762711865,
    "2": 0.6290014124293786,
    "3": 0.6707570621468927,
    "4": 0.6925381355932203,
    "5": 0.705819209039548,
    "6": 0.715997175141243,
    "7": 0.7200564971751412,
    "8": 0.7243658192090396,
    "9": 0.7272189265536724,
    "10": 0.7321313559322035,
    "11": 0.7342344632768362,
    "12": 0.7361906779661016,
    "13": 0.7385437853107344,
    "14": 0.7395437853107344,
    "15": 0.7407937853107345,
    "16": 0.7418968926553672,
    "17": 0.7426468926553672,
    "18": 0.7433968926553672,
    "19": 0.745,
    "20": 0.7458531073446327,
    "21": 0.7468093220338983,
    "22": 0.7476624293785311,
    "23": 0.7489124293785311,
    "24": 0.749412429378531,
    "25": 0.7512217514124294,
    "26": 0.7523248587570622,
    "27": 0.7533248587570621,
    "28": 0.7538248587570622,
    "29": 0.7538248587570622,
    "30": 0.7538248587570622,
    "31": 0.7540748587570621,
    "32": 0.7543248587570622,
    "33": 0.7553248587570621,
    "34": 0.7553248587570621,
    "35": 0.7555748587570622,
    "36": 0.7558248587570622,
    "37": 0.7558248587570622,
    "38": 0.7558248587570622,
    "39": 0.7558248587570622,
    "40": 0.7560748587570622,
    "41": 0.7560748587570622,
    "42": 0.7567810734463276,
    "43": 0.7567810734463276,
    "44": 0.7567810734463276,
    "45": 0.7567810734463276,
    "46": 0.7567810734463276,
    "47": 0.7567810734463276,
    "48": 0.7567810734463276,
    "49": 0.7567810734463276,
    "50": 0.7570310734463277
  }
}